PassengerCount,SumTripDistance,AvgTripDistance
1,190167.34,2.87357339297047
2,49399.74,3.13072691552063
3,14790.39,2.88480397893505
4,8558.35,2.9976707530648
5,17187.24,2.85502325581395
6,10741.91,2.87986863270777
